"nutrient_id","name","unit_name"
1002,"nitrogen","g"
1003,"protein","g"
1004,"total lipid (fat)","g"
1005,"carbohydrate, by difference","g"
1007,"ash","g"
1008,"energy","kcal"
1009,"starch","g"
1010,"sucrose","g"
1011,"glucose (dextrose)","g"
1012,"fructose","g"
1013,"lactose","g"
1014,"maltose","g"
1018,"alcohol, ethyl","g"
1024,"specific gravity","sp_gr"
1026,"acetic acid","mg"
1038,"lactic acid","mg"
1050,"carbohydrate, by summation","g"
1051,"water","g"
1056,"sorbitol","g"
1057,"caffeine","mg"
1058,"theobromine","mg"
1062,"energy","kj"
1063,"sugars, total nlea","g"
1072,"carbohydrate, other","g"
1075,"galactose","g"
1078,"xylitol","g"
1079,"fiber, total dietary","g"
1081,"ribose","g"
1082,"fiber, soluble","g"
1084,"fiber, insoluble","g"
1085,"total fat (nlea)","g"
1086,"total sugar alcohols","g"
1087,"calcium, ca","mg"
1088,"chlorine, cl","mg"
1089,"iron, fe","mg"
1090,"magnesium, mg","mg"
1091,"phosphorus, p","mg"
1092,"potassium, k","mg"
1093,"sodium, na","mg"
1094,"sulfur, s","mg"
1095,"zinc, zn","mg"
1096,"chromium, cr","ug"
1097,"cobalt, co","ug"
1098,"copper, cu","mg"
1099,"fluoride, f","ug"
1100,"iodine, i","ug"
1101,"manganese, mn","mg"
1102,"molybdenum, mo","ug"
1103,"selenium, se","ug"
1104,"vitamin a, iu","iu"
1105,"retinol","ug"
1106,"vitamin a, rae","ug"
1107,"carotene, beta","ug"
1108,"carotene, alpha","ug"
1109,"vitamin e (alpha-tocopherol)","mg"
1110,"vitamin d","iu"
1111,"vitamin d2 (ergocalciferol)","ug"
1112,"vitamin d3 (cholecalciferol)","ug"
1113,"25-hydroxycholecalciferol","ug"
1114,"vitamin d (d2 + d3)","ug"
1116,"phytoene","ug"
1117,"phytofluene","ug"
1119,"zeaxanthin","ug"
1120,"cryptoxanthin, beta","ug"
1121,"lutein","ug"
1122,"lycopene","ug"
1123,"lutein + zeaxanthin","ug"
1124,"vitamin e (label entry primarily)","iu"
1125,"tocopherol, beta","mg"
1126,"tocopherol, gamma","mg"
1127,"tocopherol, delta","mg"
1128,"tocotrienol, alpha","mg"
1129,"tocotrienol, beta","mg"
1130,"tocotrienol, gamma","mg"
1131,"tocotrienol, delta","mg"
1137,"boron, b","ug"
1146,"nickel, ni","ug"
1158,"vitamin e","mg_ate"
1159,"cis-beta-carotene","ug"
1160,"cis-lycopene","ug"
1161,"cis-lutein/zeaxanthin","ug"
1162,"vitamin c, total ascorbic acid","mg"
1165,"thiamin","mg"
1166,"riboflavin","mg"
1167,"niacin","mg"
1170,"pantothenic acid","mg"
1175,"vitamin b-6","mg"
1176,"biotin","ug"
1177,"folate, total","ug"
1178,"vitamin b-12","ug"
1180,"choline, total","mg"
1181,"inositol","mg"
1183,"menaquinone-4","ug"
1184,"dihydrophylloquinone","ug"
1185,"vitamin k (phylloquinone)","ug"
1186,"folic acid","ug"
1187,"folate, food","ug"
1188,"5-methyl tetrahydrofolate (5-mthf)","ug"
1190,"folate, dfe","ug"
1191,"10-formyl folic acid (10hcofa)","ug"
1192,"5-formyltetrahydrofolic acid (5-hcoh4","ug"
1194,"choline, free","mg"
1195,"choline, from phosphocholine","mg"
1196,"choline, from phosphotidyl choline","mg"
1197,"choline, from glycerophosphocholine","mg"
1198,"betaine","mg"
1199,"choline, from sphingomyelin","mg"
1210,"tryptophan","g"
1211,"threonine","g"
1212,"isoleucine","g"
1213,"leucine","g"
1214,"lysine","g"
1215,"methionine","g"
1216,"cystine","g"
1217,"phenylalanine","g"
1218,"tyrosine","g"
1219,"valine","g"
1220,"arginine","g"
1221,"histidine","g"
1222,"alanine","g"
1223,"aspartic acid","g"
1224,"glutamic acid","g"
1225,"glycine","g"
1226,"proline","g"
1227,"serine","g"
1228,"hydroxyproline","g"
1232,"cysteine","g"
1233,"glutamine","g"
1234,"taurine","g"
1235,"sugars, added","g"
1242,"vitamin e, added","mg"
1246,"vitamin b-12, added","ug"
1253,"cholesterol","mg"
1257,"fatty acids, total trans","g"
1258,"fatty acids, total saturated","g"
1259,"4:0","g"
1260,"6:0","g"
1261,"8:0","g"
1262,"10:0","g"
1263,"12:0","g"
1264,"14:0","g"
1265,"16:0","g"
1266,"18:0","g"
1267,"20:0","g"
1268,"18:1","g"
1269,"18:2","g"
1270,"18:3","g"
1271,"20:4","g"
1272,"22:6 n-3 (dha)","g"
1273,"22:0","g"
1274,"14:1","g"
1275,"16:1","g"
1276,"18:4","g"
1277,"20:1","g"
1278,"20:5 n-3 (epa)","g"
1279,"22:1","g"
1280,"22:5 n-3 (dpa)","g"
1281,"14:1 t","g"
1283,"phytosterols","mg"
1285,"stigmasterol","mg"
1286,"campesterol","mg"
1288,"beta-sitosterol","mg"
1292,"fatty acids, total monounsaturated","g"
1293,"fatty acids, total polyunsaturated","g"
1299,"15:0","g"
1300,"17:0","g"
1301,"24:0","g"
1303,"16:1 t","g"
1304,"18:1 t","g"
1305,"22:1 t","g"
1306,"18:2 t not further defined","g"
1307,"18:2 i","g"
1310,"18:2 t,t","g"
1311,"18:2 clas","g"
1312,"24:1 c","g"
1313,"20:2 n-6 c,c","g"
1314,"16:1 c","g"
1315,"18:1 c","g"
1316,"18:2 n-6 c,c","g"
1317,"22:1 c","g"
1321,"18:3 n-6 c,c,c","g"
1323,"17:1","g"
1325,"20:3","g"
1329,"fatty acids, total trans-monoenoic","g"
1330,"fatty acids, total trans-dienoic","g"
1331,"fatty acids, total trans-polyenoic","g"
1332,"13:0","g"
1333,"15:1","g"
1334,"22:2","g"
1335,"11:0","g"
1368,"epigallocatechin-3-gallate","mg"
1403,"inulin","g"
1404,"18:3 n-3 c,c,c (ala)","g"
1405,"20:3 n-3","g"
1406,"20:3 n-6","g"
1408,"20:4 n-6","g"
1409,"18:3i","g"
1410,"21:5","g"
1411,"22:4","g"
1412,"18:1-11 t (18:1t n-7)","g"
1414,"20:3 n-9","g"
2000,"sugars, total including nlea","g"
2003,"5:0","g"
2004,"7:0","g"
2005,"9:0","g"
2006,"21:0","g"
2007,"23:0","g"
2008,"12:1","g"
2009,"14:1 c","g"
2010,"17:1 c","g"
2012,"20:1 c","g"
2013,"20:1 t","g"
2014,"22:1 n-9","g"
2015,"22:1 n-11","g"
2016,"18:2 c","g"
2018,"18:3 c","g"
2019,"18:3 t","g"
2020,"20:3 c","g"
2021,"22:3","g"
2022,"20:4 c","g"
2023,"20:5 c","g"
2024,"22:5 c","g"
2025,"22:6 c","g"
2026,"20:2 c","g"
2028,"trans-beta-carotene","ug"
2029,"trans-lycopene","ug"
2032,"cryptoxanthin, alpha","ug"
